堅尼地城,Kennedy Town,中西區,Central & Western,香港,Hong Kong Island
石塘咀,Shek Tong Tsui,中西區,Central & Western,香港,Hong Kong Island
西營盤,Sai Ying Pun,中西區,Central & Western,香港,Hong Kong Island
上環,Sheung Wan,中西區,Central & Western,香港,Hong Kong Island
中環,Central,中西區,Central & Western,香港,Hong Kong Island
金鐘,Admiralty,中西區,Central & Western,香港,Hong Kong Island
半山區,Mid-levels,中西區,Central & Western,香港,Hong Kong Island
灣仔,Wan Chai,灣仔,Wan Chai,香港,Hong Kong Island
銅鑼灣,Causeway Bay,灣仔,Wan Chai,香港,Hong Kong Island
跑馬地,Happy Valley,灣仔,Wan Chai,香港,Hong Kong Island
大坑,Tai Hang,灣仔,Wan Chai,香港,Hong Kong Island
渣甸山,Jardine's Lookout,灣仔,Wan Chai,香港,Hong Kong Island
天后,Tin Hau,灣仔,Wan Chai,香港,Hong Kong Island
北角,North Point,東區,Eastern,香港,Hong Kong Island
西灣河,Sai Wan Ho,東區,Eastern,香港,Hong Kong Island
柴灣,Chai Wan,東區,Eastern,香港,Hong Kong Island
寶馬山,Braemar Hill,東區,Eastern,香港,Hong Kong Island
鰂魚涌,Quarry Bay,東區,Eastern,香港,Hong Kong Island
筲箕灣,Shau Kei Wan,東區,Eastern,香港,Hong Kong Island
小西灣,Siu Sai Wan,東區,Eastern,香港,Hong Kong Island
薄扶林,Pok Fu Lam,南區,Southern,香港,Hong Kong Island
鴨脷洲,Ap Lei Chau,南區,Southern,香港,Hong Kong Island
香港仔,Aberdeen,南區,Southern,香港,Hong Kong Island
黃竹坑,Wong Chuk Hang,南區,Southern,香港,Hong Kong Island
淺水灣,Repulse Bay,南區,Southern,香港,Hong Kong Island
赤柱,Stanley,南區,Southern,香港,Hong Kong Island
石澳,Shek O,南區,Southern,香港,Hong Kong Island
尖沙咀,Tsim Sha Tsui,油尖旺,Yau Tsim Mong,九龍,Kowloon
油麻地,Yau Ma Tei,油尖旺,Yau Tsim Mong,九龍,Kowloon
佐敦,Jordan,油尖旺,Yau Tsim Mong,九龍,Kowloon
旺角,Mong Kok,油尖旺,Yau Tsim Mong,九龍,Kowloon
大角咀,Tai Kok Tsui,油尖旺,Yau Tsim Mong,九龍,Kowloon
美孚,Mei Foo,深水埗,Sham Shui Po,九龍,Kowloon
長沙灣,Cheung Sha Wan,深水埗,Sham Shui Po,九龍,Kowloon
深水埗,Sham Shui Po,深水埗,Sham Shui Po,九龍,Kowloon
荔枝角,Lai Chi Kok,深水埗,Sham Shui Po,九龍,Kowloon
石硤尾,Shek Kip Mei,深水埗,Sham Shui Po,九龍,Kowloon
紅磡,Hung Hom,九龍城,Kowloon City,九龍,Kowloon
馬頭角,Ma Tau Kok,九龍城,Kowloon City,九龍,Kowloon
啟德,Kai Tak,九龍城,Kowloon City,九龍,Kowloon
何文田,Ho Man Tin,九龍城,Kowloon City,九龍,Kowloon
土瓜灣,To Kwa Wan,九龍城,Kowloon City,九龍,Kowloon
馬頭圍,Ma Tau Wai,九龍城,Kowloon City,九龍,Kowloon
九龍城,Kowloon City,九龍城,Kowloon City,九龍,Kowloon
九龍塘,Kowloon Tong,九龍城,Kowloon City,九龍,Kowloon
新蒲崗,San Po Kong,黃大仙,Wong Tai Sin,九龍,Kowloon
樂富,Lok Fu,黃大仙,Wong Tai Sin,九龍,Kowloon
慈雲山,Tsz Wan Shan,黃大仙,Wong Tai Sin,九龍,Kowloon
黃大仙,Wong Tai Sin,黃大仙,Wong Tai Sin,九龍,Kowloon
鑽石山,Diamond Hill,黃大仙,Wong Tai Sin,九龍,Kowloon
牛池灣,Ngau Chi Wan,黃大仙,Wong Tai Sin,九龍,Kowloon
牛頭角,Ngau Tau Kok,觀塘,Kwun Tong,新界,New Territories
觀塘,Kwun Tong,觀塘,Kwun Tong,新界,New Territories
藍田,Lam Tin,觀塘,Kwun Tong,新界,New Territories
鯉魚門,Lei Yue Mun,觀塘,Kwun Tong,新界,New Territories
九龍灣,Kowloon Bay,觀塘,Kwun Tong,新界,New Territories
秀茂坪,Sau Mau Ping,觀塘,Kwun Tong,新界,New Territories
油塘,Yau Tong,觀塘,Kwun Tong,新界,New Territories
葵涌,Kwai Chung,葵青,Kwai Tsing,新界,New Territories
青衣,Tsing Yi,葵青,Kwai Tsing,新界,New Territories
荃灣,Tsuen Wan,荃灣,Tsuen Wan,新界,New Territories
汀九,Ting Kau,荃灣,Tsuen Wan,新界,New Territories
青龍頭,Tsing Lung Tau,荃灣,Tsuen Wan,新界,New Territories
欣澳,Sunny Bay,荃灣,Tsuen Wan,新界,New Territories
梨木樹,Lei Muk Shue,荃灣,Tsuen Wan,新界,New Territories
深井,Sham Tseng,荃灣,Tsuen Wan,新界,New Territories
馬灣,Ma Wan,荃灣,Tsuen Wan,新界,New Territories
屯門,Tuen Mun,屯門,Tuen Mun,新界,New Territories
洪水橋,Hung Shui Kiu,元朗,Yuen Long,新界,New Territories
天水圍,Tin Shui Wai,元朗,Yuen Long,新界,New Territories
元朗,Yuen Long,元朗,Yuen Long,新界,New Territories
錦田,Kam Tin,元朗,Yuen Long,新界,New Territories
石崗,Shek Kong,元朗,Yuen Long,新界,New Territories
八鄉,Pat Heung,元朗,Yuen Long,新界,New Territories
落馬洲,Lok Ma Chau,元朗,Yuen Long,新界,New Territories
粉嶺,Fanling,北區,North,新界,New Territories
上水,Sheung Shui,北區,North,新界,New Territories
沙頭角,Sha Tau Kok,北區,North,新界,New Territories
大埔,Tai Po,大埔,Tai Po,新界,New Territories
大圍,Tai Wai,沙田,Sha Tin,新界,New Territories
沙田,Sha Tin,沙田,Sha Tin,新界,New Territories
火炭,Fo Tan,沙田,Sha Tin,新界,New Territories
馬料水,Ma Liu Shui,沙田,Sha Tin,新界,New Territories
馬鞍山,Ma On Shan,沙田,Sha Tin,新界,New Territories
清水灣,Clear Water Bay,西貢,Sai Kung,新界,New Territories
西貢,Sai Kung,西貢,Sai Kung,新界,New Territories
將軍澳,Tseung Kwan O,西貢,Sai Kung,新界,New Territories
長洲,Cheung Chau,離島,Islands,新界,New Territories
坪洲,Peng Chau,離島,Islands,新界,New Territories
大嶼山,Lantau Island,離島,Islands,新界,New Territories
東涌,Tung Chung,離島,Islands,新界,New Territories
南丫島,Lamma Island,離島,Islands,新界,New Territories
山頂,The Peak,中西區,Central & Western,香港,Hong Kong Island
打鼓嶺,Ta Kwu Ling,北區,North,新界,New Territories